{"A":{"0":1.4355486199,"1":1.5955012304,"2":-1.3994745994,"3":0.5388591856,"4":-0.2852231578,"5":0.2080302428,"6":1.3705152009,"7":-1.515845203,"8":1.5282334955,"9":0.3195783866},"B":{"0":1.4222194435,"1":0.2005562874,"2":-0.9582919979,"3":1.6833667034,"4":-0.1051538929,"5":0.3259989597,"6":-0.9569645962,"7":-1.1068348581,"8":-0.3661118222,"9":0.890010015},"C":{"0":-0.1691773055,"1":0.0583379092,"2":1.2222214123,"3":-0.3432727032,"4":0.4331520641,"5":1.04642615,"6":-1.2799494449,"7":-0.6839892983,"8":0.8477207052,"9":-0.1673692773},"D":{"0":0.7345903155,"1":0.7967165437,"2":0.1137706127,"3":-0.3282226994,"4":0.8311241121,"5":0.5406332959,"6":0.5510866224,"7":0.2352378792,"8":-0.8123914606,"9":-0.0679051896},"E":{"0":-0.9780193087,"1":1.9641927864,"2":0.7739955278,"3":-0.9439805441,"4":0.7789758573,"5":-1.1217848987,"6":0.8276065515,"7":1.7672217144,"8":0.3427560572,"9":-0.3411193036}}